0,1,2,3,4,5,6,7,8,9,10,11,12,13,14,15,16,17,18,19,20,21,22,23,24,25,26,27,28,29,30,31,32,33,34,35,36,37,38,39,40,41,42,43,44,45,46,47,48,49,50,51,52,53,54,55,56,57,58,59,60,61,62,63,64
0.12086540771364361,0.1775257617341753,0.048919809317454724,-0.007743969818044601,-0.0871929595646992,0.03322458109070319,-0.09837821715168565,0.11525101156645806,-0.01600307282962732,-0.14107761097763374,-0.013448399387747627,0.09991083375277279,0.014812721524986491,0.10735179112437838,0.002255476361109889,-0.0033971290702153436,0.03630351638748948,0.0008565852391054976,-0.14437600259040878,0.17072804438628852,0.12551738545212424,0.055966286705224064,0.0368914949582696,-0.14250205474777292,-0.02100824123166214,-0.17808505129402516,0.12224169958842325,-0.07132027501186654,0.010254378966779847,0.14355147202377685,0.2034575893146796,0.1435817507181005,0.10881950911343588,-0.043322665564906236,0.02940455882422176,0.03342472596677986,0.04247207020435218,0.14406962000362086,0.21629863432261237,0.00498796313918681,-0.0394233310226498,-0.01878213431568974,-0.015635993016868875,0.06701011279330583,-0.04823500062748775,-0.05907320780228444,-0.019584623197734234,-0.14539859688007276,0.16132168314883522,0.056917058374825476,-0.09464222508544082,-0.009777287603556178,0.05462359712803373,-0.051251500342301096,-0.10077461548164345,0.021960958429032,-0.03577764703535685,-0.007728203825476681,0.11555727424012116,0.0939011082464378,-0.01261198212829592,0.053148321450760636,1.4701462231367765e-06,0.10790452531438408,0.028838501367415177
-0.2067973581300704,-0.19393523132861018,-0.049101236469294506,0.1306484432855176,0.05302903138369146,0.005348291097221842,-0.15962337458304338,0.039246954533708044,0.08148682144052731,-0.07449811256755422,0.19523101593758077,0.2531946627134916,-0.06153925043802447,-0.22770776370182083,0.02604377316636368,0.01318020882431785,-0.10439743566381351,-0.04057191305628763,-0.20084191369351503,0.11145681912336092,-0.2522456091073168,0.06897783263842425,0.2173968416184852,0.15961231672878462,0.22038424627361597,0.23602651987888632,-0.014295169934136138,-0.09374817251507261,0.061818610279851485,0.08797182749235835,-0.22227122469218172,0.23817655068333818,-0.035196794206215826,0.09856015092658574,-0.007428984795855512,-0.002549566972337145,0.07790760174312697,0.09258254607841562,-0.026307202459001013,0.07185109483060174,-0.02241332622306631,0.0584644167788937,-0.15088087220606447,-0.024655541444509085,0.05474262184162505,-0.22567200362563267,-0.4902042435683605,-0.24265722042396987,-0.001961401561734462,-0.21700434729378787,0.10180507477364585,-0.007941673238459639,0.04777396118342182,0.059211499466208344,-0.2605333658078646,-0.031097112138977104,0.032037955938159016,0.07198407805922794,-0.04697488592472301,-0.08477723798295804,0.14561330104775233,0.0812557203761791,0.007679063277094218,0.2354491531589865,0.1938333268560686
0.11650672766754547,0.06560353192515521,0.056753503042423624,-0.07400210208685089,-0.14129397622265438,0.019086759763965833,-0.0515866789652455,0.06844219421529817,0.0186797574337909,0.11086321098541256,-0.1838417442446766,0.13482682357551454,0.0369336003088124,0.01333821218870974,0.05369837265188689,0.019828434540525644,0.07806259605269829,-0.03790308778835955,0.038567541753643464,0.02054402390675369,0.028898820680986634,-0.12312166843279773,-0.1657249509496825,0.1021569781998166,-0.020071904153304825,0.31109495893300254,0.014027741082923335,-0.18422437947257994,-0.2933578241481483,0.11676053205335964,0.19648938995137286,0.19760230616213853,-0.06692455253794267,0.003118986243027388,0.03263266738175173,0.0314043415248549,-0.13784509692224056,0.13273709643507497,-0.06709582572108955,-0.0617336396333654,-0.0007314200235739404,-0.03269125200932446,-0.10244527281478352,0.21650951630157622,-0.18960984959130112,-0.08394853703446067,0.08225033090929093,0.03760448080661497,0.154763128369078,-0.09549559552841337,0.1802990883390694,0.022546166256942196,0.018197258941322122,-0.03147989855600287,0.024609280572118006,0.02914954323760082,0.03598028082447764,0.10845428608551565,-0.002688242882656037,-0.09196766769773924,-0.03713483299672291,-0.0011835662531574137,-0.09234319538485916,0.16351269034302746,-0.12556968705431404
-0.11961691529990219,0.23278621180645429,-0.14372932422824367,-0.21891510172017337,0.04656181604712218,-0.05621849542788316,-0.31189834019135915,0.004199509604130467,-0.10136089043240878,-0.22010354825476197,-0.1233451462758807,-0.009774086615708655,-0.016175715688812643,0.18957947844067,0.012158462295656477,-0.06509610595256077,0.0911322954512682,0.09930526473786419,0.03357769413182706,-0.14413077725106574,-0.21815041622173575,-0.0599354876952513,0.023355959114892626,-0.3365384689641616,-0.1825148869940024,0.18371115482218686,-0.13544528801602967,-0.30422396849428546,0.07054007185969507,0.16401286004289178,0.08372843694389812,0.14278457457230925,-0.08305939282871971,-0.16975525366878286,0.1722045922772853,0.0494743119274006,0.14492749346965414,0.07728075916637944,-0.09140102630696306,0.06029745857142677,0.1304315863192072,0.09145998832765584,0.14505224662024682,0.2831554556892509,0.09281545736143014,-0.06477322813912041,0.2225548576169434,-0.3048872893437897,-0.03174454093847649,0.2706713869662973,0.20720803612909236,0.07085000744226075,-0.08855812056967692,0.11274303146448653,-0.03522782975668015,0.1432700289209281,0.014370148998044901,0.0009477953582440483,-0.10497024933456303,-0.18823776485103116,-0.06356812670766576,-0.34911763665046114,0.1866723583911217,0.07831140345758437,-0.1317738151566566
0.1753796982651656,0.14510264099078007,-0.05479564956989644,-0.10960520959642428,-0.014545850809750412,0.04227764193569475,0.020646262837775736,-0.10000206777982322,0.10411419721572981,0.017635499710039915,-0.0026180061227490145,-0.04247118135985384,-0.004054263910711222,-0.041589154554528864,0.0030501774263111433,-0.05721294586355055,0.1489230160874457,0.05814164628219622,0.08767387858884562,-0.005316340362673146,0.10376604447659189,-0.05479035424550961,-0.029479334323421168,-0.08744710664396213,-0.03166475928850524,0.3754110072482128,-0.02187642331071177,-0.04983961467433779,-0.14401246320890984,0.008550237096436679,0.1998062307750744,0.021628835420940663,-0.014190244294058673,-0.10935488350996696,-0.01085010729650801,0.04249597006292018,-0.10702026625558622,-0.05869319105809885,-0.06603440739269859,0.03757961570717769,0.013608703922815116,0.049896667399643935,-0.018603083394207166,0.21896564823975254,-0.026134690894251272,0.11207200558355192,0.16983535613543801,-0.035640381684511856,0.07136314438819782,-0.06530027420423132,0.10700237753615043,0.04030033322321806,0.11029395212978384,0.06677704451695053,0.09354005344601397,-0.021613396298453883,-0.013283614066553252,-0.049607895745789374,0.08937338667424932,-0.46041711594840506,-0.05188429020320888,-0.02366927787456922,-0.014113387443084328,0.04209725487751305,-0.04771964119658162
-0.08393145533651451,0.5192817467839901,-0.04008783410616256,-0.1272443416029887,-0.04739749228557615,0.04193264360759285,0.06627216880331979,0.06391443821094224,-0.043756547431919465,0.1485146422212296,-0.009406895086779178,-0.11395326534513439,0.0010657625851915689,0.37126256987824713,-0.03174880130076373,0.3152822052777256,-0.07583694671350649,-0.00858113089437625,-0.29343994797217104,-0.0004335994325605483,0.06294910118700804,-0.06213936527292788,0.09184713563642942,0.008074307871237977,-0.14150058929485296,0.002242324941861329,-0.054586124859125895,0.194685747668774,-0.04402134087352766,-0.09251791586806844,0.08948476863546513,0.05691575645408066,0.0016102557373900749,0.22410611286149704,-0.07078830765828911,-0.021473755192019953,0.1843253786960622,-0.04744110875420908,-0.07444310713881772,-0.06721284943443394,0.12429152628351622,-0.07127925898528688,-0.011092108224409244,0.08283974935740132,0.07049714587703053,0.13782924288445558,0.1039658408988585,-0.02562631152586247,0.03775921536037546,0.29188614905761345,0.0459260043306871,-0.02072140394521956,-0.0684198209326508,-0.07000872364070168,-0.0824963329419741,0.04821083610433874,-0.037879067645573854,-0.0583490966762447,-0.07162444238755611,-0.00416206400585958,-0.08891146161516457,-0.2708090361197415,0.17661889397678654,0.115168751971934,-0.21373352895582431
-0.04853316532380681,-0.03239751156676288,-0.021773692129488834,0.04704348536532281,0.4808314477999264,0.015422904805330288,-0.13994152777657634,-0.15890661554806437,0.12551045517896625,-0.07318573279833149,0.16941406708289605,0.04904058244990025,-0.08163151954599547,0.15154664225067463,0.014167972089204213,0.038008525264341106,0.0742166532013548,0.14922203216770658,-0.002712242983356468,-0.002520379641391985,-0.10500660579829725,0.007764403495552435,-0.08828052199522363,0.09418159071543154,-0.012652714209641352,0.08909749473804751,-0.17888308193329652,-0.003067392960932458,0.4133762409164444,-0.23305417628418454,-0.17634546415160626,-0.3280937042704796,-0.21222669648959588,-0.02222974059276129,-0.26900566038972873,0.16429952270240694,0.015575383908423602,-0.024652196132140352,-0.05269263394630675,0.14795623675991668,0.2540716802955093,0.1903201449395448,0.15597055300691723,0.017878519746354328,0.10671553030453036,0.00856723799448229,-0.2540390092964155,-0.26021135395431966,-0.04838882715989519,0.026336000377698232,-0.006621766828288145,-0.0969446084519896,0.07976879411610047,0.17247533363636997,-0.11309747341626479,0.16242674750961839,-0.008529615013453892,-0.15730603694827025,-0.019896758653051464,0.0005141573778215027,0.061922739668489,-0.2487258150969528,0.09772777031011586,-0.04337667332026171,0.049504259734086
0.033191347314641496,-0.052581606658051505,-0.1363302670648975,0.17193355908074606,0.2343643115040659,0.03842802197531312,0.09222863025144767,0.003453941877536344,0.11350685851045847,0.12505612182218018,0.13115057833228067,0.04098572113063544,-0.06540239680827503,0.17483087152796267,-0.020807231034575484,0.09382118546160588,-0.003080685026600036,0.1087950070166688,-0.023042697906277665,0.0015033222582086171,0.06539199842074925,-0.07169055091382738,-0.05628107019107009,0.1538371102076829,0.021690623525928952,0.04932861054377174,-0.041485615243849604,0.13574933641909062,0.04932668333235078,-0.07439975703523177,-0.23004510347556462,-0.18761851514125083,-0.16232289709159928,0.19008038872415048,0.13777336993051548,0.02589868528510341,0.0013182752738805368,0.011397377185826047,-0.20522218239251871,0.06851516197117287,0.09374188453334717,0.10225237398287623,0.033301586411574595,0.1039967479319569,0.06801529075810338,-0.07489014472564763,0.0438743384943335,0.026880590242108114,-0.09648442780732112,0.11647024840597214,0.0782204786433162,0.024960300757722906,0.10193927781777752,0.11030129716838204,-0.08871246735209173,0.04627186766209857,-0.02008850162182014,0.052917123949220365,0.04787445258609451,0.14327180975677364,-0.03644927231679864,-0.006271224651479691,0.06261607139235069,0.016117034400154866,0.0808803195583379
-0.025289403969519345,0.030722208203938332,0.016003036597129004,0.1727645716678648,0.5178201002126284,0.1206967909406412,-0.048699493463366564,-0.08891396404414566,0.03530451523847265,0.23338266159141566,0.3104303545513682,-0.44868179432560956,0.02129281747067574,-0.07918132165597888,-0.011031201551920236,0.23201091650684671,-0.050309755328604204,-0.03322262566038789,0.1288534873471145,0.22470644187118208,0.13573580123992288,0.048720375450520284,0.12425805693062371,0.01615294479470505,0.08937854248988135,0.2773085680732438,-0.1067064743465984,0.2291602660239821,0.06184035670609283,-0.08367656385790005,-0.02127169166990337,-0.037881697766497496,-0.0727869873159171,0.15670404143556985,-0.31927036850987844,-0.07337628563976753,-0.05788546387374217,-0.11335158350691359,0.10824700279725302,0.024011797135757344,0.021038449719757206,-0.015465506955472231,-0.09911307132309977,-0.06660870427002127,0.21105864388622175,0.15927479126025912,-0.23855971380164337,-0.13701016998971724,-0.1141298047129767,0.05797122548137116,-0.057581246106644834,0.01950200958512831,0.05735470346393259,-0.06603369398021987,0.13346851874857932,0.14319588920425774,-0.015091499571224319,-0.03546093638755406,0.05555730724329617,0.02243308966590734,0.05792917995722988,-0.19028681606371703,0.10457822303426026,-0.1823728454601855,0.21912003690523746
0.048360237842004536,0.19149588209524268,-0.053496257047604405,0.04147670591282488,0.22344609676751084,0.003934380321180518,0.04272890346943433,0.22280070496279772,-0.03339194541543679,-0.13236660508446865,0.04891803410543934,0.2347578758990643,-0.07674811088169675,0.40174285063095544,0.0697732686584666,-0.0868282848367044,-0.1688005698933146,-0.06524261893132606,0.15082404486529172,-0.07725486059499659,0.056299284668628664,0.15164314644587593,-0.023603671613577498,0.09180467208944654,-0.040088772258300306,0.12344476622838912,-0.030663165955348647,0.12593428006050783,0.27761100095087315,0.156692844889472,-0.11300467990626452,0.0005394824753455289,0.023568352083831713,-0.03805357651505614,0.238476797933864,-0.06530322730845936,0.24133230753643858,-0.02419229752317974,-0.04743902406996582,-0.07768260240337051,0.11253169285097464,-0.06084736970660638,-0.18339677506052107,-0.12001751951385975,-0.13139719173309278,0.1771140603604965,0.2802345105031163,-0.09168485337745365,-0.017606849972271573,0.0824505756567902,-0.037423821471762646,-0.07165474779132977,-0.05394626201665903,-0.05730525284120932,0.09309333334007706,0.011087648330426058,0.01073740361873867,0.05956558359877064,-0.11737001582865528,-0.2008927833181589,-0.03133547889667346,0.07105166565689963,0.14180870827983058,-0.2132125260975077,-0.06604344073816988
0.05111772967151779,-0.010576307619464827,-0.06063476308485817,0.118563000243832,-0.005947769975540376,-0.01903308422084876,-0.1677989977513118,0.3018505632092244,-0.03009705142810206,-0.040201125607927046,0.12737748870489943,0.4265599667387175,0.010897782560686298,0.2598378182806612,0.0994002608168049,-0.30073836045040364,0.026361122484152528,0.02245223323329213,0.07194976135948307,-0.1749229988283233,0.048198218361644736,0.09606696064384622,0.07882834984768305,-0.07626674342472506,-0.15118421389505257,-0.1931780424016482,0.04982440595782188,-0.05869617339791326,0.25260547498756136,0.14469235121945467,0.08163593306382186,-0.06397247942094564,0.1347105843781411,-0.3375107138551847,0.2163536646368368,0.10040389154741537,0.15514285789026086,0.05561710466715918,-0.014015747896948929,-0.048913130966747265,0.11652402351955926,-0.006099852098942013,-0.0016032684548253765,-0.04742994573756071,0.15204905398405716,-0.02911605241436842,0.2045278367763446,-0.20726563735255285,0.046661643001778656,0.11373995958074012,0.03500847338341222,-0.041328499547730345,-0.027600818646497924,0.015299749473798077,-0.0895347590753821,0.061286991336069616,0.020256726709162353,0.16601993752977562,-0.06424543279249814,0.049946099955638534,-0.0867965077860747,0.21707550470059792,0.1506670458288358,0.15782496531227624,0.07741249121740415
0.2300675965946695,0.05509493101872108,-0.009876213346753508,-0.13138847163582304,-0.1257204636176002,0.058049089113073576,0.15687754940081605,0.13485488388725395,0.19556280046538219,-0.023894550009398573,-0.07485432929188783,-0.10075534019597134,0.05380513298274579,-0.12041793840270754,0.079059068826769,0.13564712503934576,0.19413508514044728,0.032812253257118174,0.15867795816956873,0.001555492754452794,0.12977416995546112,0.17288204860042217,0.06019294727905272,0.12569204502058595,0.10654832653331044,-0.006249222714285139,-0.14182812037956435,0.11799589474156885,0.08038578234406467,-0.05172909119972707,0.1619533040671526,-0.028671672825288784,0.09927048964841288,0.09600939458437413,-0.016396831202493706,0.0036528996201538265,-0.16778576219656932,-0.36057967088835025,0.020656558763531025,0.09022452666264823,0.09412838071358051,0.09476173186915571,-0.0014039632569771315,-0.2447728854222073,0.0720451913805568,0.11691008139127615,-0.04308005691127804,0.09987737040424356,0.03893196803285921,-0.09674415649633128,-0.11890598257280571,0.10886887478134473,0.19755116085335006,0.12218745710776599,0.12645750194962133,-0.047644854610327456,0.07557884077166625,0.0247408997029064,0.19918467116322397,-0.05594512607474755,0.013530170826182552,0.16863402122888696,0.07278394251743428,-0.3855248440989267,0.0018174605621973387
0.10011141626295157,0.03558776894943301,0.07779778471490441,0.07714349090223026,-0.2205404038628929,0.12567116982883067,0.017982111802271966,0.2894343407872532,0.15432777758027472,0.03765163167229464,-0.2839961654152879,-0.038587507098828494,0.07580761866484115,-0.02926698034856078,0.06981035174740936,0.21057848645148383,0.11375092919008847,0.12546656014761282,0.002530354357847441,0.1294247119867463,0.09997056720968567,0.047829645040195636,-0.18726239997683494,0.1610600247404144,-0.01613967563368787,0.10653709436495201,0.09210526962238919,-0.12187256357935003,-0.30150843292982477,-0.12610225151916257,0.2837987941799454,0.1471004799226374,0.09247957836366492,0.1612842318784198,0.07993006855853349,0.08794061127469183,-0.26480805487304965,-0.06750015704118738,0.13216039151966763,0.13848994771497375,0.20812947654899122,0.1514039576209109,0.05173407333379036,0.08312521607293472,-0.16651541597946629,0.036550545586282526,0.16144970981966483,-0.021256586092958687,0.0915634983154867,0.020345462484495605,0.06670047434785127,0.11053591405204218,0.1388786121898719,0.11786940422764136,0.026231053829872016,-0.09026794155826831,0.02037519337244594,0.20691835024888683,0.09248628660655421,-0.0052507785708280925,0.06492547672011888,0.06420987305630776,0.043320407230893226,-0.09854634455556881,-0.014103417601909092
0.13158203846054406,-0.37273484676684393,-0.04984253924627915,0.21048921546142701,0.2556692119797641,-0.027729420019689314,-0.01867581021447522,-0.24917450489418205,-0.0033444869012162043,0.03988643604485357,0.08403192419221511,0.11508688225779366,-0.05731352143402546,0.02030181263546739,-0.01835053504890787,0.11904695350857068,0.07088457986610007,0.06697084088909123,0.08627414990277162,-0.07601854112803437,0.04782386469031202,-0.09762217385972419,-0.18137459368096517,0.06152354910706975,-0.11827152950026615,-0.16351818524352263,0.021952315829239406,0.12694957151713732,0.005129430990783334,0.005691658890471928,0.17248022247206787,-0.15773753609799557,-0.00990317727557455,0.03227758116022444,0.06615298506285826,0.0759643472395753,-0.057762539343961,0.08677372562203994,-0.0041158998258246406,-0.0073558504238184835,0.1476415660370113,0.02716272201357711,0.012966433827601187,-0.10371875609832293,0.09523985506125923,0.07903186096005617,0.07287440186604768,-0.09432537463478687,0.22873578172012277,-0.10125708622071806,-0.12012132372959167,-0.18316316722570544,0.030500226824228538,-0.02325700477379747,0.11708001786357584,0.06533290823662743,-0.07709560760794207,0.02159412765777231,-0.02440029623810846,0.3671006829068512,-0.1745278131587791,-0.08116440475306008,0.009287048302077583,-0.0033138695263241124,0.0627172680058296
0.1086306413323475,0.26054315873095246,-0.0017027189299481367,0.07264597215407081,0.00019251496624041374,0.051060546150442136,0.05210156895273195,0.18193566169403488,0.02815726369914721,0.0197426695752625,0.0226271203990049,0.03033270518902812,0.015556090165076135,0.29457714645519945,0.0002682954594854007,0.15673537374768162,0.04468130481098,0.10914434075013606,-0.2345613429635493,0.04471097759040648,0.09612625305663221,0.07917965482024437,-0.06538155899838712,0.03768757408104456,0.04784746669431818,-0.24407954747399999,0.08367962299974614,0.030574647389403298,0.1229371337081243,-0.06418637836840557,-0.02372980492099669,-0.07446591752544215,-0.02674697792564579,0.1558213104317416,0.13529787686042438,-0.0036979019982833023,0.06884081822228384,0.050795106285831074,0.05063891350993964,0.07151478209306807,0.07423868978686807,0.06426796878195679,0.10473665598760608,0.07896132889289399,0.12195641487660375,-0.08346904693130731,0.13130872751452835,-0.02973328385811824,-0.022765440196601143,0.2882110954270971,-0.04249359545132295,0.030548175069309378,0.05257299290603475,0.041434324179058374,-0.15512276865864227,0.10587696335647324,-0.0007803553503536164,0.04793137726204181,0.10510035901759328,0.03763469159458916,0.033868195849330825,0.027388197400509566,0.11410593771212467,0.010382957056122584,0.16282204455680968
0.060952359369818014,-0.022743012654061978,0.008474685941602557,-0.2309453186842983,0.1575112239619298,-0.009105675350500506,0.2608474811451877,-0.22099580990829384,-0.013255334937243369,-0.10754059044249839,-0.07404276467192389,0.21119979528996868,0.05716611478330938,0.17109974490878194,-0.011283588960378992,-0.06966437084434747,0.08574089529463284,0.03735925551060307,0.13648440013617183,-0.1526566495115618,0.014808932838294911,-0.05733943390815437,-0.03307046247069196,-0.1263667563291123,-0.07913182632530356,0.17942018325991155,0.003677303608149287,-0.02753344408470004,-0.08218995946476935,-0.03612582282607619,0.09784456576184909,-0.06471894934864375,0.035118090973421355,-0.06920886601459796,0.021110109426804052,-0.0024500578729977894,0.13458834990067875,-0.05355797822908327,-0.13520737662754467,-0.010728315872258434,-0.05176632264691565,-0.02249309631791267,0.19463404512090834,0.1660029463578973,-0.07995722243653293,-0.013807224008013505,0.09648831270489373,0.22985366699117257,0.029295139189799698,0.11033432677304013,0.0722914903138633,0.1409935084701976,-0.0047929495843883315,0.01383569328412777,0.18290785703381357,-0.186916181082947,0.015441709951826166,-0.04963286537664216,0.09063262585054978,-0.12077406698656855,-0.04402421329717136,-0.11708009932587392,-0.04546794669571077,0.06894570783331236,-0.31626791778166474
0.03974334169137826,-0.2307372636507799,-0.04219110385881634,-0.023167892790923354,0.1597529204539641,0.09529023998463997,0.06741484231508131,-0.1970214247708679,0.07961151708669101,-0.07020763087334968,0.04872621909215441,-0.27959819935089153,0.025671546976059147,-0.18964874181579003,-0.06067410380777344,0.22942353940184615,0.06344922830636918,-0.029483682838424258,0.034277056120813096,0.14827819222871022,0.06014582413231848,0.03010209685113909,0.2618804524975569,0.023782048684393774,0.0762175375084394,0.16688814167618507,-0.31580928707044387,0.16107821628148528,0.02009133931406655,-0.07699530768162646,-0.028706855310584093,0.005108287193807821,-0.03982756366835672,0.31159851124352,-0.44797683175132236,-0.08599422585105027,0.3004979839292555,-0.09979171555403578,0.08098930497183954,0.040661420790837746,-0.0814462493713052,-0.006449504386824124,-0.05194066401838329,-0.012120059547128866,-0.14923344437520683,0.08984811294053373,-0.26981938686848433,-0.02182336328543073,-0.14349554979903015,-0.18732706053074705,-0.042123750750386484,0.12435435238409781,0.08953717104100326,0.025200713469014913,0.2276790476141001,0.03839791246322953,-0.030791550202953124,-0.13359561035662365,0.13844484990961778,0.12598727279042773,0.043752545415277296,-0.053814632929608856,-0.09878190984199035,-0.24181014919130883,-0.023261842011296652
0.03571295334397159,0.19539788063078614,0.11088877620640768,-0.060735474932410084,0.03794934380279543,-0.010371588515596279,0.07046361620546128,-0.2049112365473419,0.025736904446185708,0.08829857591689484,0.176142023183316,-0.14270646836920045,0.07033754936417062,0.1886075224810967,0.06716784601241325,-0.10400613895089955,0.12717498626803805,0.16590872661731276,0.0005458759364441881,-0.04469593375823643,-0.02580084936919074,0.021919969287590293,-0.024304509599097888,0.0035717780592518684,0.04880452329319232,-0.05192700660471665,-0.12044694222111262,0.048343904330872295,0.09615433084777478,0.009816071822378388,-0.09611412791813202,-0.09938069875165734,-0.0429689928452441,-0.09066277942819005,-0.003946522954953086,0.09418771997487324,0.09587909987383926,0.10758862776929268,-0.002455154560016054,0.15340014272797545,0.09136023851901223,0.1644217977406159,0.2115944234707703,-0.02203710443323112,0.08865589500825423,0.08287249747245737,0.14474117400170028,0.27082307939680766,-0.06254557838980264,0.06988241715125383,0.01884622243598209,0.025676215569837613,0.06074234475535344,0.1399341337121714,0.128782157203339,0.38128973283277723,0.10737405398941376,0.029515918195266434,0.09076696782654547,0.0029054827054505643,0.08934034593363352,-0.023781338152221058,-0.027698395461866962,0.0809235525126209,0.10606766848984103
0.08613028342356067,0.11728748641181447,-0.18068190694236075,-0.205969716410497,0.356108683041296,0.07145231727756107,-0.05385855444272225,0.06781654039592404,0.04140385509460007,-0.27783540279513474,0.04298757329299468,-0.03810449657575383,-0.08057457674681333,0.09587377981132325,-0.06657621249473578,-0.31682462478062356,-0.04526423540456459,0.1280636472672851,-0.07523203858449859,-0.053783269568172025,0.09128896271389653,0.026915084242154427,-0.08115428473394869,-0.09315719858758156,0.019578489243208392,0.1978959680412132,0.16567765097047246,-0.3218468544624445,0.11628728637103215,0.05031688172942029,-0.1606873449094124,0.05073797084760132,-0.14541061566761115,-0.37952512230402,0.1861461527326188,0.022853492124598637,0.0155612616483813,0.1302479735399351,-0.19988457009777963,0.061963176163747184,0.09635354707671567,0.08410599886420138,0.16472392217910772,0.08643279626411808,-0.02797965318476677,-0.051852691341945985,0.11944052649396415,0.0028005997175973383,-0.11922300040748554,0.02407688597430592,-0.025877906690754744,-0.2417152816157482,0.055730692443651406,0.05277795741967211,0.1571807649426198,0.2573823545034905,-0.06144849504586328,0.09305329645070982,0.05652214865335866,-0.10848072754505567,-0.017851602048311103,-0.057806696388715696,0.026531303081163818,-0.047297303675139145,0.053689207394942734
0.17571415170691373,0.03771052942105594,-0.0842588268578825,0.15038825929285937,0.14486323686303368,0.09420010426595324,0.11245169797130546,-0.08477328358847301,0.11606933850844882,0.04223373672180924,0.04579920333410753,0.03651214951845472,-0.04342269768770702,0.2374168566076164,-0.015848052621996213,0.15973424154204488,0.17455644654207733,0.1554739202986598,-0.1098035997972295,0.031831879640507196,0.16804678358428493,-0.07018650008621163,-0.046014499920511605,0.07922415773527836,-0.03806814867840156,0.10645648461523403,-0.03360263253287112,-0.024005287905443186,0.15844770179926343,-0.07913919860274711,0.07786571997801663,-0.1611383040228173,-0.07987486745575259,0.10988570592001647,0.04100224683202697,0.09563113324616287,0.05992815792256377,0.17947985325906998,-0.0004651793189066906,0.07689454834201798,0.15331405688585928,0.09509705500282317,0.036386446053328365,0.16452937869756706,0.15818810159821511,-0.1606090954183208,0.2105461140188158,-0.07552430717723213,0.11583813922266595,0.1379544016051266,0.0067056403152655555,-0.03148673813711347,0.12313813322485018,0.10296050330474976,0.09898858542020368,0.16007004855560886,-0.0684416176109741,-0.09709533028600939,0.02857806442448548,0.06591628733234933,-0.03527975146481152,-0.12375635512019771,0.04566007031208339,0.09198037556001193,0.18731264267542297
0.042709222808056994,-0.4075518237071457,0.0052285489535852155,0.21873929061564434,-0.03694536653724966,0.0007664600781978497,0.05651810353725541,-0.23121170962154067,-0.004990286260101431,0.2104830356671313,-0.08565066841374877,-0.03948071761381394,0.037290986109225197,-0.0727175495442241,0.016178106120995992,0.15638473068408643,0.0015841248453993997,0.05655113558140926,-0.17497210663920346,-0.04250896351110765,0.010042040873736328,-0.15586388080761432,-0.10790745385978091,0.19916987859790097,-0.023050540704870295,-0.0925824367854042,-0.007657608943318998,0.27597655216398925,-0.03892242218501297,0.03465886185131148,0.26970547026267533,0.11439008506778489,-0.02359227006360027,0.1273448811696754,0.051889327066623143,0.03365797620666832,-0.2517812022712953,0.07620370937210459,-0.15314179577683995,0.04989716689067285,0.06060751640024476,0.024196831034632164,0.12693998994133002,-0.24600155833826295,0.18946983082500535,0.004547567301091042,0.06594147594400421,0.08422506622933279,0.2045946416744634,0.024488316522508092,0.0005311942497260917,-0.04207428651468967,0.03188868281824416,0.021493218662962603,-0.013401349706653675,-0.18292574880687468,0.02966628210614871,-0.11887554472344328,0.049884566194614906,0.149316374699371,-0.049126031240424105,0.0674407004804255,-0.006926556061291713,0.10810100536661538,0.05101288725089155
-0.011746631069293755,0.15583176964956497,-0.12395026000724149,0.0017875512977521969,-0.04468188246771883,-0.049475727190943904,0.1234836084296313,-0.06155991958407223,0.027187935001055732,0.1288509665458831,0.043188391764865726,-0.009610741587666867,-0.10636955676243999,0.15782009238198924,-0.07561667575883618,0.18759839772347517,-0.12273615824450783,-0.009032971281028174,-0.06308761679246713,0.02660528309258729,0.07143062176496502,-0.12508360239376978,0.09786816061573805,0.17164790484072642,-0.01800659190201064,0.09127767081070885,-0.005288268246846813,0.09836542563047437,0.011995548808065342,0.0682843728950859,-0.23255913819742366,-0.05558954491480446,-0.05189350155944326,0.15155818017760425,-0.016519152151168445,-0.027608515581590488,0.11172422439600802,0.07680474291180155,-0.1631832552730321,-0.010357766358659742,0.10458176868261028,0.0016352617645276342,-0.01307838884144141,0.0655496222523899,-0.061885939979212115,0.03446823111735269,-0.01013260460069596,0.13519987266854946,-0.08675927613325651,0.10845984938020299,0.11431668211608331,-0.09469014071837577,0.010107599082265474,-0.014838517071245776,0.07841326647280665,0.13998401647843578,-0.056382461243690354,0.02336726077581436,-0.03609158274336724,0.04133430217059798,-0.024659883202044704,0.004478707667303734,0.06387700140441674,0.14404542227888542,-0.09427393521861338
0.21671409597415953,0.00728269722963292,0.03672590024726686,-0.09575411516397708,0.025121515149135576,0.09844265585494388,0.07248590513349909,-0.032923780532295686,0.016208098552877078,-0.0077993564415681825,0.028552463899464937,-0.279990682620997,0.10386119974608679,-0.017089023044839644,0.05377020648725971,-0.1485848970626744,0.05366597477374837,-0.0045368307812933256,0.2569935993211375,-0.06090971455550689,0.22344677449337902,0.01107908032328643,-0.06599307032220136,-0.3469508409360815,-0.10320539792723053,0.1623413575729248,0.030804812143565508,0.20639894280257703,-0.02566810671726152,0.13425421060347648,-0.0867870081246264,-0.0767244336569076,-0.029498733186423234,-0.1483611430208656,0.022376828631007085,-0.03844930643698465,0.013550744095906828,0.11719176125145735,0.09290146540058973,-0.045689618366045605,-0.19847233051177357,-0.05308791985717978,-0.03479965341234836,0.03618165621159682,-0.07327310138107929,0.13473479585426468,0.031492295559831365,0.016206390719807937,-0.09849691053390736,-0.09086297533780814,-0.09586354720120702,0.27248720166879686,0.05374593565388773,-0.004551831587453715,0.2539664292334806,0.12030745114277738,0.0830787031397138,-0.07604366349540798,0.19022410754568006,-0.05576772776742882,-0.002835282763461127,0.021196569371556832,-0.19810337472186265,0.03635386349478039,-0.1428052676897241
0.039282638613067015,-0.41682757998947084,-0.04360029455417664,0.21436941932212172,0.2315611107226668,0.04832670932265017,-0.21184713386210485,-0.06560776546425273,0.07459384007400316,-0.017045239650280326,0.10256845167424786,-0.06365787440335824,-0.030272122130931323,0.03880458193195581,-0.034771782879831535,0.13111017183481644,0.21912526292391715,0.23415370322289597,0.21683407211347525,-0.00011714937119045267,-0.02648170515901601,-0.09341114489870132,-0.09715350546295806,-0.03618718496578979,-0.12548365218608448,-0.16286618805581526,-0.18097660906952448,0.1064009797262263,-0.15692924612398848,0.05302111746868152,-0.09702565419297395,-0.36928001012798783,-0.1377697825875669,0.06105744325806467,-0.012557488143277652,0.16092512119673236,-0.22821484395017202,0.08411591636904442,-0.02603206971694115,0.12773691107193472,0.1569284252993443,0.1763424319530603,0.18836061838146204,0.00708398568864707,-0.10761192559311523,0.05177775803436643,-0.10384407463261675,-0.11301853683733411,-0.14511592953949765,-0.08749046899777507,0.06588023831246305,-0.03681228001825373,0.09986091864970222,0.1668379089046854,0.026705458452281228,0.09626825604511013,-0.02045282058996348,-0.197271344470074,0.0971421880165349,0.1103281250798483,-0.017549311417843976,-0.03402136773405163,-0.10785015735250153,0.10850181841803522,0.057965166894803306
-0.0044355594413228745,0.3326382853664677,0.016297467783261195,-0.03748015138917892,0.1362261749414996,-0.024515246930824096,0.014660168861468384,-0.014116602156761244,0.030089474916182662,0.084588511510991,0.13040124715158066,-0.06289445512849204,0.04018873304917918,0.1914793206923649,0.015645828790369447,-0.10150750973115562,2.679523715228217e-05,0.10386299756966805,0.019089320923019175,-0.0008668567346498477,0.008309325278706918,0.012144729236490502,-0.0284682455904426,-0.04025556753757488,0.023452129641487674,0.06938838074009579,-0.05605111869720151,0.0737841789473737,0.053754807798040406,0.123602890800924,-0.07911317243121857,0.02529385505525666,0.0003247157900251764,-0.0772979313804072,0.08702700996446439,0.022749134786239817,0.0898490816765445,0.02012400587734607,-0.02079726286278458,0.07489178649554076,0.062444022048204754,0.07752414496338317,0.11089071700148039,0.13132359503579305,0.05656159373696211,0.04744333938785994,0.15344666675228633,0.1959732159098232,-0.06417107165708974,0.1626040241974766,0.058602125127516023,0.05615755943134067,0.051608442368265874,0.06500906468613087,0.017619242024820486,0.23549651639046815,0.059377293855798575,0.08538280554973919,0.06605167595311848,0.01478455526506041,-0.015846139948076723,-0.02986521587748934,0.005781304541970211,-0.01957211967290978,0.030461909166275416
0.2083516212096125,-0.1537425683752697,-0.013784718514846753,0.049147261691365504,0.1564513800290161,0.07586534971208346,0.1395671780069837,-0.04401401302869451,0.10704864665850869,-0.16104525503442252,-0.09995739918677651,0.20058113925970583,0.03536179781763001,0.08104438036489363,0.07491017606592716,-0.03919503347548701,-0.007470143189268363,0.00019500023901435813,0.020652686737563646,0.04220274201831615,0.2809643644514626,0.06357780446494937,-0.08074275718871929,0.051631705898261764,0.04158078506187985,0.1920506844740429,0.059023143303069646,-0.2623316399040147,-0.060603769464118835,-0.12367828663326363,-0.07719676027771946,-0.043112584437565014,-0.03103693574077647,0.03454121413614059,0.04554875963985905,-0.04906748070412393,-0.07132756602489496,0.07081776684779083,-0.07261656503400928,-0.009758303041499617,0.08727172010779602,-0.012921985065555804,-0.07078445655252673,0.14736582388109476,-0.1594832359118108,-0.20302051080499664,0.038549686516112056,-0.04957719032675511,-0.02698956592986218,0.00012717802021338273,-0.05649898873436589,0.04910449690071133,0.10014057608478184,-0.03928203969575704,-0.005327226203141796,-0.020488633596619267,0.07746885541633429,-0.053550399950987086,0.13560724834524387,-0.3494811388746028,0.014401292650777251,0.06918164212910141,0.03723123524622414,0.12021098404930594,-0.1695272019591205
-0.049868614175935015,0.34531458900840534,0.03922895088755785,-0.10255641978286378,-0.013225716728770265,-0.056112237520467095,-0.05459899695171304,0.21229451787901402,0.049992967410641694,0.11901468143568868,0.03044324311095313,-0.06956059147704875,0.0911910081976177,0.028684863694564272,-0.008148164772903393,-0.12545132213575202,-0.10315771697735512,0.10394051815370206,0.11086365751452484,0.03215285049901209,-0.0291928920436897,0.01964001879461679,-0.15830586620286174,-0.05088838537480256,0.07462855384826238,-0.00027270579250686307,0.005503037120070618,0.07244531037793984,-0.09583758356164587,0.1102118650099809,0.02265847077260532,0.1046501981468908,0.10956055121509352,-0.08861139141606733,0.09649939421494373,-0.023692201095606002,-0.019205645948964022,-0.18946802931108328,0.01615127756647709,0.10541386269582609,0.10962501038423791,0.0866031092702732,0.10084783469669795,0.06386177379410837,0.022918094868954526,0.15926638589420244,0.09724094099917256,0.21146018977031827,-0.08305272956688446,0.10558063550160221,0.05116938689551129,0.07761617485723865,0.06726229068021801,0.07161822221687086,-0.04256345452965195,-0.018761175169059466,0.008544324444962531,0.14763092249610238,0.07891712190219198,-0.013520322115713267,-0.013614386975858976,0.03259253913771646,-0.01225285711887156,-0.21386671770235857,-0.017681595736003492
0.13821845799987909,0.5030550302349623,-0.12859878104365177,-0.08694649996307371,0.10630950247231967,0.029372607659939938,0.06230129548180272,0.06697084452076194,0.05595405754663841,0.05639168458900779,0.06728733061512247,-0.17468678672372037,0.01300922281351172,0.2767427677082143,-0.12853721420477346,0.048667250595597566,0.09287843148515496,0.17026880815416426,-0.0601409213197805,0.010449332942846869,0.10799931949294025,-0.13399795777906162,-0.07937399087158407,-0.13769791068491663,-0.003389800192285217,0.12936470951317525,-0.13076698449621552,0.05983876388153472,0.15193270224548228,0.03019318008003624,0.08719181872505169,-0.07902839972459953,-0.0725036598543073,-0.06523107172876617,0.0475325031916124,-0.008074626906575373,0.0890861862668847,0.09610172109101882,-0.015738965039316793,0.06609844523459378,0.08549124465495123,0.14385382983206574,0.09433490250701305,0.2409464122133465,0.26188061765656256,-0.16277378971571066,0.2311664054582432,0.10014268858390189,0.04501385203014449,0.1789461950168509,-0.12408191928176979,-0.05086171147269091,0.07663103612804946,0.023777467167697557,0.08595967785758887,0.10146803807702227,-0.08776482266044207,-0.22815292087438685,0.10784139996586918,0.002897445264535148,-0.1408903241368548,-0.13551338617163278,0.006653614506368029,-0.04877221320544253,0.1212430997326664
-0.008418351629257439,0.13172935852423873,0.23796959064560183,-0.0913714542952309,-0.04206274311044545,0.04736786858654422,-0.2525639541400432,0.25249079428095833,-0.029632276231256662,-0.0865838145928512,-0.1818981569025122,0.17456219941455692,0.20569722937814947,0.14046732393892186,0.163513856290348,-0.28100741640408555,0.01849311771355207,0.0708919845931212,0.0880149949117983,-0.05853344320335725,0.017500379664116064,0.1675420358562397,-0.032426092868935635,-0.1986346605074328,-0.019203278824558107,-0.15118508215003829,0.11946112490913006,0.058565092484026006,0.07978612340302801,0.040901124480969164,0.4123244983382079,0.13663724091260235,0.24440489650062758,-0.323572187561425,0.12224233295046218,0.047981742268338394,0.13889664158305068,0.019176193470447016,0.22101628261427572,0.034998165230288876,0.09490076407084182,0.05808681393683024,0.07325026795616113,-0.10345578792618487,0.08724263033093524,0.26154626548626,0.1800449719533789,-0.026756952339388324,0.12045102630427272,0.13857763399003425,-0.06261849559435571,0.011069932351709997,-0.004081451941972426,0.014090033597301958,0.11103251504201862,0.028192351471853786,0.08573610236287443,-0.032006175140495974,-0.008015666205161831,0.05015313947394178,0.009554969682488566,-0.08300088799449296,0.10384366436305008,0.04784085946254043,0.0007132885654496685
0.012057629934090056,0.013157074482791704,0.06639771109288219,-0.3357081496641416,-0.25811630386217993,0.06304931806246131,0.10464946098700226,-0.14042350780073726,0.03376542888955988,-0.23811508200667203,-0.11530011347703588,0.1762861909007049,0.01450813108594323,0.08291826037319014,0.07050626605271698,-0.04638714654535106,0.06613494190196269,0.061924633617538194,-0.12352288580327866,-0.03443529144908349,0.07430416875368445,0.056161900418200246,0.23685622684021287,0.008781100558596058,0.011173721268967063,-0.06798074536144985,0.22067462565413876,-0.47976225763958713,0.010768542884020436,0.13752949668333492,-0.014992357758730545,-0.02574652146045714,-0.07173551472692494,-0.12679119368881964,0.055999046101536935,0.1392916412057258,0.17370424722413583,0.1961247320500838,-0.12234738224177158,0.05501127171766769,0.13992113952605612,0.053657909322638024,0.07594271097391625,-0.02239261373648502,0.020084320373102513,-0.1404572180450054,-0.06538895326154756,-0.06271236956324747,0.14206087003040047,0.015555466380366359,-0.047960048017339815,-0.18357294800907567,0.052058205035637586,0.037826364887753434,-0.03404787797414224,-0.02763588565745522,0.038121114843495923,0.2019720614133439,-0.02541461329495474,-0.30396967528463775,0.03682524824341547,-0.19605168385884644,0.1447756893709142,0.06664527345871452,-0.05198985570394704
-0.06451944430450383,-0.2344087123656629,0.028838993261756526,-0.016188235530278393,0.1795216823457215,-0.02838727986089701,-0.047753382868329836,-0.1769209290709165,-0.008651786427964329,-0.028173393766091633,0.26339776520551866,-0.0204595157444824,-0.1043235536146324,-0.0752100739751154,-0.10852499889379497,-0.044578168497914586,0.07178222609997541,0.08739391357488242,0.22239336627445427,0.05050495500545207,-0.13602572382140035,-0.19459093956760964,-0.06839355155694336,0.09168947850048918,-0.02662248558625945,0.05019748763007412,-0.13761177942691166,-0.021867005402749617,-0.15087496791434782,-0.042973362684756135,-0.006300363725242925,0.09520945480018102,-0.19287185174347637,-0.01081901412692731,-0.27257499130093493,0.06607986391332872,-0.00983848057100661,0.1560256498123653,-0.06587065445152625,0.07561606052762611,0.030261445661358195,0.10491556371280054,0.22728875830672904,-0.11235337490463285,-0.16489028759326516,0.05527730225344988,-0.27317454357108223,-0.05600549744114245,0.01816934441476798,-0.18854659376197347,0.07707035105549212,-0.01361847202113001,0.004108073561498765,0.05150182789771075,0.08006275092589685,0.01616820039079973,-0.032285670284356485,-0.11257974457434608,0.05151523053142278,-0.03804458727275171,0.051461836823308287,-0.08950976922979413,-0.29536966377709567,0.3622298326224477,-0.03131598214460552
0.18713035911392686,-0.2963005237561135,0.045240208403102423,0.038703493059503075,-0.2312573042889279,0.004718009998510393,0.12450988508500668,-0.029677134839152203,0.06979026455913356,0.04944691186463466,-0.08763325129330836,-0.045966219960860956,0.003344693669841711,-0.10040923823226541,0.10092809606833417,0.13309432851358075,0.1407713426509919,0.05224805153131682,0.057638416677263105,-0.042800344730856726,0.07640625119042893,0.06649961179224667,-0.005795746529245248,0.1562728137477874,0.052204306533270864,-0.15497026809431477,-0.045249594341471536,0.10495103229672968,0.11387886003558645,-0.1342902138355873,0.0958369755489245,-0.12760411192517498,-0.006508848184725188,0.10949373431954915,-0.06083528793317626,0.07310344434007832,-0.005929799735181565,0.032067842918339695,0.0374657286610735,0.06412722971223425,0.11464760047546281,0.08615498260958772,0.030413294045429952,-0.3114689134195353,0.11046025376930993,0.05494871218844293,-0.05429834784160458,0.045584659396772594,0.0660124539794387,-0.13025420315155992,-0.1108343726032731,-0.028873188750586986,0.02415460386212024,0.07386558626775125,0.18738020147167586,-0.061512112663443086,0.05714843905318418,-0.10268158554325843,0.01110427145036462,0.003977098056205479,0.058945759237847485,0.08357187356624357,0.040509356532494115,0.005944748241896813,0.08474447612382209
0.09145070359324375,0.04294578226257599,0.04158254162451871,0.18997606514655616,-0.03573332592250071,-0.045221920497290506,0.06411727305654705,0.07747242449795537,-0.2209560035402501,0.1263471789042991,-0.05357627355477868,0.12012242943308474,0.02759405497406807,-0.03990764781962675,0.02271614975840963,0.06375039792786558,-0.17888322751324587,-0.22341477659618642,0.062151944522613724,-0.10887763197181038,0.14215329189515885,-0.053175719225046846,0.051587856568272694,-0.03728417092686348,-0.05967816469079568,0.22315727429509222,0.16986668335146948,0.029820601922430412,0.00944860468646108,-0.021451220296588844,0.13198421201485144,0.26409929139985366,0.14333788385294843,0.015936424053479458,0.09755341414141888,-0.1252456083179367,-0.01596089715524771,0.1387131905800445,-0.02455982085207545,-0.1877589651387264,-0.1473614140728442,-0.23224494592347508,-0.1780444862109195,0.14363738857945976,0.15096309254824125,0.010063862819834221,0.15826721357152485,0.1604495228948592,0.2030210155976794,0.05419741282350368,0.1599370314642814,0.047668895121826274,-0.1915241247019744,-0.2249140160956666,-0.008560382962803925,-0.04402992020841768,0.0010622040059197037,0.002217430729869718,-0.05667124036170344,0.0945516062990731,-0.08843058666505406,0.06325188381852394,0.03971566488272537,0.2474481167748714,-0.0814752173400579
0.18160731000871702,-0.01812656588236874,-0.07990023937337715,0.0649462014496602,-0.037585173783299924,-0.00024389229372542558,0.1343297463642613,0.1991498115850631,0.10145236432246572,-0.1945077061892707,-0.0008229402980075264,0.038819202206704796,-0.10765796619048405,-0.021328184301461713,-0.060348328150600525,0.026023328130104807,-0.02270916412231269,0.10600669314234869,0.2369378089743966,-0.002343523974971183,0.10674654620196142,-0.07462650041333486,-0.033972289348748984,0.08316407153645643,-0.010244733489037127,0.2058190571566503,-0.004824981097977367,-0.06073668889371571,-0.10329389514348528,-0.18198882868687533,0.1703765173869063,0.04473809869710583,0.052171129705217145,0.007522234890557007,-0.023292468691183055,0.0777888983909355,-0.09273928125399286,-0.052185608122667135,0.004247553648666689,0.05623750169379329,0.10617482698072593,0.07706269639613335,0.024197783489522742,0.10704499831680513,-0.045809640972068126,-0.12436004568710267,-0.13879927490085786,-0.011701767399146148,0.20676708441731304,-0.014337441902163687,-0.09551782165428704,-0.06482649494374025,0.0729574214323414,0.09317148840312922,0.060849618209227796,0.07347861456299815,-0.04176079816825541,-0.10109523328540229,0.007520571575434821,-0.20117411025955503,-0.027079175309734443,0.027916100973470206,-0.07943428224549967,-0.26167206370265106,-0.0679779804816241
0.03531807485045404,0.37789509550636463,-0.06262884611839527,0.19657234133411552,-0.43031296156778276,-0.07728416769992742,0.07088838909522041,0.03491816540963828,-0.013120171367125458,0.3126244465078701,-0.05991137463070804,-0.1470896949276918,-0.07323641938198514,-0.1145978986470542,-0.06032884162663713,0.23493973222411713,-0.14821224845544814,-0.0783544296339854,0.18491747893040686,0.04914051033304569,0.1171236983248376,-0.04848329714438157,-0.404673494195423,0.06008061966066246,-0.1793423113577409,0.11104423140886281,0.24608900609654216,0.3354845867014751,-0.014812885173288458,0.24564935274874167,-0.013752870531722606,0.15930490021165342,-0.1318139070552206,0.16436020923402897,-0.15188463830420565,0.004896099338355189,-0.01169621329664075,0.02795884344850236,0.06094701632869501,-0.0413348063322728,-0.020845064043782068,-0.07089468196751751,-0.00822681637375047,-0.07879802043873559,0.1391119759200511,0.05629644612848555,-0.05112650348746652,-0.03692258224788734,0.1330295182433022,0.09070294079379339,0.10023155240585067,-0.0795649324517163,-0.02146184578297133,-0.054023815485685384,0.27477744553884303,-0.3078726528513028,-0.096823304211387,0.03333702894232299,-0.023179650241723294,0.1590171652543656,-0.018373609394401497,0.104402929968302,0.05211169127492659,-0.1166299671920629,0.042338929198473
